Player,Season,Games,Points,Rebounds,Assists,Steals,Blocks,FG_Percentage,TS_Percentage
Anthony Davis,2012-13,64,867,522,63,75,112,51.6,0
Anthony Davis,2013-14,67,1394,673,105,89,189,51.9,0
Anthony Davis,2014-15,68,1656,696,149,100,200,53.5,0
Anthony Davis,2015-16,61,1481,627,116,78,125,49.3,0
Anthony Davis,2016-17,75,2099,884,157,94,167,50.5,0
Anthony Davis,2017-18,75,2110,831,174,115,193,53.4,0
Anthony Davis,2018-19,56,1452,672,218,88,135,51.7,0
Anthony Davis,2019-20,62,1618,577,200,91,143,50.3,0
Anthony Davis,2020-21,36,786,286,110,45,59,49.1,0
Anthony Davis,2021-22,40,927,394,122,49,90,53.2,0
Anthony Davis,2022-23,56,1451,702,148,59,114,56.3,0
Anthony Davis,2023-24,76,1876,961,266,91,178,55.6,0
Anthony Davis,2024-25,42,1081,499,141,54,90,52.8,0
Anthony Davis,2025-26,20,407,221,56,22,33,50.6,0
Anthony Edwards,2020-21,72,1392,336,211,82,36,41.7,0
Anthony Edwards,2021-22,72,1533,343,275,105,46,44.1,0
Anthony Edwards,2022-23,79,1946,458,350,125,58,45.9,0
Anthony Edwards,2023-24,79,2049,430,405,101,42,46.1,0
Anthony Edwards,2024-25,79,2177,450,359,91,51,44.7,0
Anthony Edwards,2025-26,61,1757,302,226,83,49,48.9,0
Damian Lillard,2012-13,82,1562,257,531,74,19,42.9,0
Damian Lillard,2013-14,82,1695,288,457,64,22,42.4,0
Damian Lillard,2014-15,82,1720,378,507,97,21,43.4,0
Damian Lillard,2015-16,75,1879,302,512,65,28,41.9,0
Damian Lillard,2016-17,75,2024,368,440,68,20,44.4,0
Damian Lillard,2017-18,73,1962,325,481,77,27,43.9,0
Damian Lillard,2018-19,80,2067,371,551,88,34,44.4,0
Damian Lillard,2019-20,66,1978,284,530,70,22,46.3,0
Damian Lillard,2020-21,67,1928,283,505,62,17,45.1,0
Damian Lillard,2021-22,29,695,120,212,17,11,40.2,0
Damian Lillard,2022-23,58,1866,277,425,50,18,46.3,0
Damian Lillard,2023-24,73,1775,320,508,72,18,42.4,0
Damian Lillard,2024-25,58,1447,272,410,70,10,44.8,0
Devin Booker,2015-16,76,1048,187,200,44,20,42.3,0
Devin Booker,2016-17,78,1726,249,268,72,21,42.3,0
Devin Booker,2017-18,54,1346,244,253,47,14,43.2,0
Devin Booker,2018-19,64,1700,265,433,56,13,46.7,0
Devin Booker,2019-20,70,1863,297,456,49,18,48.9,0
Devin Booker,2020-21,67,1712,281,289,53,16,48.4,0
Devin Booker,2021-22,68,1822,342,329,77,26,46.6,0
Devin Booker,2022-23,53,1471,240,293,51,18,49.4,0
Devin Booker,2023-24,68,1841,308,472,61,28,49.2,0
Devin Booker,2024-25,75,1923,305,529,67,16,46.1,0
Devin Booker,2025-26,64,1668,248,386,51,18,45.6,0
Giannis Antetokounmpo,2013-14,77,525,339,150,60,61,41.4,0
Giannis Antetokounmpo,2014-15,81,1030,542,207,73,85,49.1,0
Giannis Antetokounmpo,2015-16,80,1350,612,345,94,113,50.6,0
Giannis Antetokounmpo,2016-17,80,1832,700,434,131,151,52.1,0
Giannis Antetokounmpo,2017-18,75,2014,753,361,109,106,52.9,0
Giannis Antetokounmpo,2018-19,72,1994,898,424,92,110,57.8,0
Giannis Antetokounmpo,2019-20,63,1857,856,354,61,66,55.3,0
Giannis Antetokounmpo,2020-21,61,1717,671,357,72,73,56.9,0
Giannis Antetokounmpo,2021-22,67,2002,778,388,72,91,55.3,0
Giannis Antetokounmpo,2022-23,63,1959,742,359,52,51,55.3,0
Giannis Antetokounmpo,2023-24,73,2222,841,476,87,79,61.1,0
Giannis Antetokounmpo,2024-25,67,2036,798,433,58,78,60.1,0
Giannis Antetokounmpo,2025-26,36,993,352,196,34,24,62.4,0
Jayson Tatum,2017-18,80,1112,402,128,83,58,47.5,0
Jayson Tatum,2018-19,79,1243,477,168,84,57,45.0,0
Jayson Tatum,2019-20,66,1547,460,200,93,57,45.0,0
Jayson Tatum,2020-21,64,1692,472,276,75,31,45.9,0
Jayson Tatum,2021-22,76,2046,609,334,75,49,45.3,0
Jayson Tatum,2022-23,74,2225,649,342,78,51,46.6,0
Jayson Tatum,2023-24,74,1987,601,364,75,43,47.1,0
Jayson Tatum,2024-25,72,1932,623,431,76,38,45.2,0
Jayson Tatum,2025-26,16,348,160,85,22,3,41.1,0
Joel Embiid,2016-17,31,627,243,66,27,76,46.6,0
Joel Embiid,2017-18,63,1445,690,199,40,111,48.3,0
Joel Embiid,2018-19,64,1761,871,234,46,122,48.4,0
Joel Embiid,2019-20,51,1172,593,152,45,65,47.7,0
Joel Embiid,2020-21,51,1451,539,145,50,69,51.3,0
Joel Embiid,2021-22,68,2079,796,284,77,99,49.9,0
Joel Embiid,2022-23,66,2183,670,274,66,112,54.8,0
Joel Embiid,2023-24,39,1353,430,219,46,66,52.9,0
Joel Embiid,2024-25,19,452,155,85,14,18,44.4,0
Joel Embiid,2025-26,38,1021,293,150,21,46,48.9,0
Kawhi Leonard,2011-12,64,507,327,70,85,24,49.3,0
Kawhi Leonard,2012-13,58,689,346,93,97,32,49.4,0
Kawhi Leonard,2013-14,66,844,412,133,114,50,52.2,0
Kawhi Leonard,2014-15,64,1057,461,161,148,48,47.9,0
Kawhi Leonard,2015-16,72,1523,493,186,128,71,50.6,0
Kawhi Leonard,2016-17,74,1888,430,260,133,55,48.5,0
Kawhi Leonard,2017-18,9,146,42,21,18,9,46.8,0
Kawhi Leonard,2018-19,60,1596,439,199,106,24,49.6,0
Kawhi Leonard,2019-20,57,1543,402,280,103,33,47.0,0
Kawhi Leonard,2020-21,52,1292,337,269,81,21,51.2,0
Kawhi Leonard,2022-23,52,1239,338,204,72,28,51.2,0
Kawhi Leonard,2023-24,68,1613,416,244,111,59,52.5,0
Kawhi Leonard,2024-25,37,796,219,116,59,17,49.8,0
Kawhi Leonard,2025-26,65,1813,413,234,122,27,50.5,0
Kevin Durant,2007-08,80,1624,348,192,78,75,43.0,0
Kevin Durant,2008-09,74,1871,482,205,96,53,47.6,0
Kevin Durant,2009-10,82,2472,623,231,112,84,47.6,0
Kevin Durant,2010-11,78,2161,533,214,88,76,46.2,0
Kevin Durant,2011-12,66,1850,527,231,88,77,49.6,0
Kevin Durant,2012-13,81,2280,640,374,116,105,51.0,0
Kevin Durant,2013-14,81,2593,598,445,103,59,50.3,0
Kevin Durant,2014-15,27,686,178,110,24,25,51.0,0
Kevin Durant,2015-16,72,2029,589,361,69,85,50.5,0
Kevin Durant,2016-17,62,1555,513,300,66,99,53.7,0
Kevin Durant,2017-18,68,1792,464,366,50,119,51.6,0
Kevin Durant,2018-19,78,2027,497,457,58,84,52.1,0
Kevin Durant,2020-21,35,943,247,195,25,45,53.7,0
Kevin Durant,2021-22,55,1643,407,351,48,52,51.8,0
Kevin Durant,2022-23,39,1158,262,207,32,57,55.9,0
Kevin Durant,2023-24,75,2032,495,378,69,91,52.3,0
Kevin Durant,2024-25,62,1647,374,263,50,77,52.7,0
Kevin Durant,2025-26,78,2026,426,372,62,71,52.0,0
LeBron James,2003-04,79,1654,432,465,130,58,41.7,0
LeBron James,2004-05,80,2175,588,577,177,52,47.2,0
LeBron James,2005-06,79,2478,556,521,123,66,48.0,0
LeBron James,2006-07,78,2132,526,470,125,55,47.6,0
LeBron James,2007-08,75,2250,592,539,138,81,48.4,0
LeBron James,2008-09,81,2304,613,587,137,93,48.9,0
LeBron James,2009-10,76,2258,554,651,125,77,50.3,0
LeBron James,2010-11,79,2111,590,554,124,50,51.0,0
LeBron James,2011-12,62,1683,492,387,115,50,53.1,0
LeBron James,2012-13,76,2036,610,551,129,67,56.5,0
LeBron James,2013-14,77,2089,533,488,121,26,56.7,0
LeBron James,2014-15,69,1743,416,511,109,49,48.8,0
LeBron James,2015-16,76,1920,565,514,104,49,52.0,0
LeBron James,2016-17,74,1954,639,646,92,44,54.8,0
LeBron James,2017-18,82,2251,709,747,116,71,54.2,0
LeBron James,2018-19,55,1505,465,454,72,33,51.0,0
LeBron James,2019-20,67,1698,525,684,78,36,49.3,0
LeBron James,2020-21,45,1126,346,350,48,25,51.3,0
LeBron James,2021-22,56,1695,459,349,73,59,52.4,0
LeBron James,2022-23,55,1590,457,375,50,32,50.0,0
LeBron James,2023-24,71,1822,518,589,89,38,54.0,0
LeBron James,2024-25,70,1710,546,575,70,39,51.3,0
LeBron James,2025-26,60,1256,364,432,72,35,51.5,0
Shai Gilgeous-Alexander,2018-19,82,889,232,270,96,45,47.6,0
Shai Gilgeous-Alexander,2019-20,70,1331,412,232,79,47,47.1,0
Shai Gilgeous-Alexander,2020-21,35,830,166,207,27,23,50.8,0
Shai Gilgeous-Alexander,2021-22,56,1371,278,331,71,46,45.3,0
Shai Gilgeous-Alexander,2022-23,68,2135,329,371,112,65,51.0,0
Shai Gilgeous-Alexander,2023-24,75,2254,415,465,150,67,53.5,0
Shai Gilgeous-Alexander,2024-25,76,2484,379,486,131,77,51.9,0
Shai Gilgeous-Alexander,2025-26,68,2117,292,448,95,52,55.3,0
Stephen Curry,2009-10,80,1399,356,472,152,19,46.2,0
Stephen Curry,2010-11,74,1373,286,432,109,20,48.0,0
Stephen Curry,2011-12,26,383,88,138,39,8,49.0,0
Stephen Curry,2012-13,78,1786,314,539,126,12,45.1,0
Stephen Curry,2013-14,78,1873,334,666,128,14,47.1,0
Stephen Curry,2014-15,80,1900,341,619,163,16,48.7,0
Stephen Curry,2015-16,79,2375,430,527,169,15,50.4,0
Stephen Curry,2016-17,79,1999,353,524,142,17,46.8,0
Stephen Curry,2017-18,51,1346,261,310,80,8,49.5,0
Stephen Curry,2018-19,69,1881,369,361,92,25,47.2,0
Stephen Curry,2019-20,5,104,26,33,5,2,40.2,0
Stephen Curry,2020-21,63,2015,345,363,77,8,48.2,0
Stephen Curry,2021-22,64,1630,335,404,85,23,43.7,0
Stephen Curry,2022-23,56,1648,341,352,52,20,49.3,0
Stephen Curry,2023-24,74,1956,330,379,54,28,45.0,0
Stephen Curry,2024-25,70,1718,310,421,80,30,44.8,0
Stephen Curry,2025-26,43,1142,154,203,49,17,46.8,0
